<?xml version="1.0" encoding="UTF-8"?>
<EmailTemplate xmlns="http://soap.sforce.com/2006/04/metadata">
    <apiVersion>29.0</apiVersion>
    <available>true</available>
    <description>Email Template for Cart Approval Notification (Assignment)</description>
    <encodingKey>UTF-8</encodingKey>
    <name>Apttus Cart Approval Notification (Assignment)</name>
    <!--<packageVersions>
        <majorNumber>8</majorNumber>
        <minorNumber>354</minorNumber>
        <namespace>Apttus</namespace>
    </packageVersions>-->
    <!--<packageVersions>
        <majorNumber>8</majorNumber>
        <minorNumber>388</minorNumber>
        <namespace>Apttus_Approval</namespace>
    </packageVersions>-->
    <!--<packageVersions>
        <majorNumber>6</majorNumber>
        <minorNumber>67</minorNumber>
        <namespace>Apttus_CQApprov</namespace>
    </packageVersions>-->
    <!--<packageVersions>
        <majorNumber>9</majorNumber>
        <minorNumber>1114</minorNumber>
        <namespace>Apttus_Config2</namespace>
    </packageVersions>-->
    <!--<packageVersions>
        <majorNumber>8</majorNumber>
        <minorNumber>124</minorNumber>
        <namespace>Apttus_Proposal</namespace>
    </packageVersions>-->
    <style>none</style>
    <type>visualforce</type>
</EmailTemplate>
