<?xml version="1.0" encoding="UTF-8"?>
<ApexClass xmlns="http://soap.sforce.com/2006/04/metadata">
    <apiVersion>39.0</apiVersion>
    <!--<packageVersions>
        <majorNumber>8</majorNumber>
        <minorNumber>388</minorNumber>
        <namespace>Apttus_Approval</namespace>
    </packageVersions>
    <packageVersions>
        <majorNumber>6</majorNumber>
        <minorNumber>67</minorNumber>
        <namespace>Apttus_CQApprov</namespace>
    </packageVersions>-->
    <status>Active</status>
</ApexClass>
