<?xml version="1.0" encoding="UTF-8"?>
<ApexClass xmlns="http://soap.sforce.com/2006/04/metadata">
    <apiVersion>37.0</apiVersion>
    <!--<packageVersions>
        <majorNumber>9</majorNumber>
        <minorNumber>56</minorNumber>
        <namespace>Apttus_CPQApi</namespace>
    </packageVersions>-->
    <!--<packageVersions>
        <majorNumber>9</majorNumber>
        <minorNumber>1114</minorNumber>
        <namespace>Apttus_Config2</namespace>
    </packageVersions>-->
    <!--<packageVersions>
        <majorNumber>8</majorNumber>
        <minorNumber>124</minorNumber>
        <namespace>Apttus_Proposal</namespace>
    </packageVersions>-->
    <!--<packageVersions>
        <majorNumber>6</majorNumber>
        <minorNumber>3</minorNumber>
        <namespace>Apttus_QPApprov</namespace>
    </packageVersions>-->
    <!--<packageVersions>
        <majorNumber>9</majorNumber>
        <minorNumber>187</minorNumber>
        <namespace>Apttus_QPConfig</namespace>
    </packageVersions>-->
    <status>Active</status>
</ApexClass>
